TCP_ID,ESTC_ID
K000039.000,N71
K000122.000,N203
K000152.000,N260
K000180.000,N326
K000266.000,N460
K000268.000,N462
K000379.000,N628
K000415.000,N682
K000454.000,N727
K000532.000,N842
K000637.000,N1034
K000663.000,N1081
K000685.000,N1117
K000691.000,N1125
K000780.000,N1283
K000791.000,N1306
K000913.000,N1476
K000924.000,N1488
K000934.000,N1500
K000944.000,N1512
K000958.000,N1526
K001048.000,N1651
K001133.000,N1762
K001176.000,N1818
K001204.000,N1855
K001310.000,N2029
K001312.000,N2031
K001334.001,N2062
K001334.002,N2062
K001382.000,N2120
K001415.000,N2164
K001439.000,N2191
K001461.000,N2220
K001482.000,N2249
K001511.000,N2285
K001582.000,N2387
K001672.000,N2550
K001770.000,N2705
K001985.000,N3073
K002004.000,N3107
K002009.000,N3119
K002071.000,N3220
K002428.000,N3791
K002464.000,N3841
K002508.000,N3888
K002563.000,N3962
K002590.000,N3994
K002616.000,N4058
K002662.000,N4149
K002765.000,N4285
K002806.000,N4369
K002808.000,N4372
K002867.000,N4462
K002914.000,N4540
K002919.000,N4546
K002991.000,N4667
K003059.000,N4778
K003286.000,N5216
K003544.000,N5694
K003605.000,N5823
K003638.000,N5881
K003643.001,N5887
K003643.002,N5887
K003643.003,N5887
K003810.001,N6237
K003810.002,N6237
K003810.003,N6237
K003860.000,N6321
K004143.000,N6833
K004179.000,N6903
K004294.000,N7142
K004299.000,N7154
K004329.000,N7196
K004390.000,N7322
K004461.000,N7474
K004597.000,N7735
K004609.000,N7768
K004738.000,N8030
K004915.000,N8313
K004944.000,N8371
K005224.000,N8916
K005472.000,N9405
K005565.000,N9599
K005732.000,N9907
K005787.000,N10007
K005846.000,N10089
K005971.000,N10231
K006014.000,N10277
K006151.000,N10432
K006240.000,N10530
K006305.000,N10604
K006382.001,N10696
K006382.002,N10696
K006500.000,N10840
K006521.000,N10873
K006534.000,N10894
K006560.000,N10927
K006726.000,N11183
K006904.000,N11493
K007016.000,N11663
K007021.000,N11675
K007022.000,N11676
K007102.000,N11805
K007192.000,N11920
K007216.000,N11949
K007219.000,N11952
K007507.000,N12317
K007545.000,N12361
K007597.000,N12426
K007618.000,N12461
K007722.000,N12607
K007863.000,N12801
K007929.000,N12881
K007960.000,N12927
K007970.000,N12938
K007986.001,N12956
K007986.002,N12956
K008041.000,N13021
K008077.000,N13061
K008158.001,N13221
K008158.002,N13221
K008178.000,N13275
K008190.000,N13295
K008295.001,N13484
K008295.002,N13484
K008295.003,N13484
K008295.004,N13484
K008295.005,N13484
K008295.006,N13484
K008390.000,N13630
K008430.000,N13686
K008503.000,N13781
K008591.000,N13888
K008736.000,N14089
K008777.000,N14152
K008784.000,N14164
K008839.000,N14236
K008857.001,N14258
K008857.002,N14258
K008947.000,N14373
K009299.000,N14837
K009363.000,N14912
K009421.000,N14983
K009548.000,N15158
K009614.000,N15260
K009637.000,N15293
K009642.000,N15299
K009650.000,N15315
K009653.000,N15318
K009674.000,N15350
K009746.000,N15478
K009952.000,N15838
K009959.000,N15849
K010695.000,N17312
K010754.000,N17467
K010810.000,N17625
K010899.000,N17869
K010938.000,N17948
K011281.000,N18858
K011382.000,N19051
K011519.000,N19354
K011545.000,N19408
K011654.000,N19601
K011684.000,N19662
K011730.000,N19735
K011869.000,N20009
K012309.000,N20994
K012406.000,N21158
K012429.000,N21184
K012500.000,N21272
K012677.000,N21625
K012749.000,N21770
K013036.000,N22364
K013038.000,N22368
K013141.000,N22586
K013348.000,N22964
K013509.000,N23252
K013690.000,N23546
K013728.000,N23621
K013794.000,N23806
K013808.000,N23850
K013825.000,N23890
K013872.000,N23987
K013990.000,N24320
K014182.000,N24802
K014189.000,N24813
K014201.000,N24849
K014256.000,N24967
K014363.000,N25228
K014395.000,N25290
K014420.000,N25358
K014737.000,N26138
K014868.000,N26484
K014927.000,N26630
K014946.000,N26683
K014954.000,N26712
K014996.000,N26811
K015012.000,N26855
K015145.000,N27268
K015178.000,N27384
K015461.000,N28189
K015523.000,N28428
K015532.000,N28466
K015533.000,N28467
K015536.000,N28470
K015686.000,N29027
K015773.000,N29400
K015852.000,N29953
K016037.000,N30986
K016090.000,N31160
K016151.000,N31470
K016332.001,N32594
K016332.002,N32594
K016442.000,N32854
K016468.000,N32941
K016527.001,N33217
K016527.002,N33217
K016527.003,N33217
K016527.004,N33217
K016527.005,N33217
K016527.006,N33217
K016527.007,N33217
K016912.000,N35246
K017098.000,N36558
K017108.000,N36616
K017256.000,N37792
K017485.000,N41591
K017897.000,N46039
K018102.000,N46658
K018256.000,N47837
K018267.001,N47902
K018401.000,N49119
K019154.000,N60643
K019240.000,N63107
K019244.000,N63224
K019588.000,N71632
K019650.000,P208
K019651.000,P1759
K019745.001,P3417
K019745.002,P3417
K019770.001,P6308
K019851.001,T71
K019862.000,T83
K019867.000,T93
K019941.000,T221
K019945.000,T226
K019951.000,T232
K019952.000,T233
K019955.000,T236
K019966.000,T248
K020059.000,T409
K020101.000,T469
K020253.000,T726
K020267.000,T743
K020289.000,T772
K020290.000,T773
K020293.000,T776
K020295.000,T779
K020296.000,T780
K020297.000,T781
K020298.000,T782
K020305.000,T789
K020308.000,T792
K020310.000,T794
K020360.000,T845
K020382.000,T870
K020410.000,T915
K020428.000,T935
K020441.000,T949
K020463.000,T975
K020588.000,T1134
K020900.000,T1544
K020901.000,T1545
K020903.000,T1547
K020909.000,T1554
K020910.000,T1555
K020914.000,T1560
K020954.000,T1702
K020955.000,T1703
K020958.000,T1706
K020962.000,T1710
K020963.000,T1711
K020964.000,T1712
K020965.000,T1713
K020978.000,T1728
K020979.000,T1729
K020981.000,T1731
K020994.000,T1745
K020996.000,T1747
K020997.000,T1748
K020998.000,T1749
K021003.000,T1755
K021151.001,T1943
K021151.002,T1943
K021151.003,T1943
K021253.000,T2080
K021260.000,T2088
K021263.000,T2095
K021266.000,T2099
K021267.000,T2100
K021268.000,T2101
K021270.000,T2103
K021271.000,T2104
K021305.000,T2151
K021346.000,T2254
K021475.000,T2407
K021509.000,T2448
K021512.000,T2452
K021515.000,T2455
K021519.000,T2459
K021557.000,T2583
K021585.000,T2617
K021626.000,T2690
K021676.000,T2758
K021793.001,T2892
K021793.002,T2892
K021793.003,T2892
K021793.004,T2892
K021812.000,T2953
K022018.000,T3265
K022096.000,T3969
K022115.001,T4002
K022115.002,T4002
K022115.003,T4002
K022117.000,T4004
K022118.000,T4005
K022120.000,T4007
K022123.000,T4010
K022124.000,T4011
K022135.000,T4022
K022188.000,T4090
K022229.000,T4173
K022258.000,T4210
K022270.000,T4224
K022415.000,T4525
K022474.000,T4600
K022555.000,T4686
K022565.000,T4710
K022578.000,T4723
K022848.000,T5299
K022849.000,T5300
K022860.000,T5337
K022898.000,T5380
K022939.001,T5432
K022968.001,T5465
K022977.000,T5481
K022979.000,T5485
K022990.001,T5497
K022990.002,T5497
K022995.002,T5502
K023000.000,T5507
K023001.002,T5508
K023003.003,T5510
K023004.004,T5511
K023005.005,T5512
K023011.000,T5518
K023013.000,T5520
K023014.000,T5522
K023016.000,T5524
K023017.000,T5525
K023019.000,T5527
K023021.000,T5529
K023024.000,T5536
K023025.000,T5537
K023036.000,T5552
K023048.000,T5566
K023049.000,T5567
K023052.000,T5572
K023079.000,T5607
K023128.000,T5661
K023129.000,T5663
K023131.000,T5666
K023137.000,T5674
K023138.000,T5675
K023139.000,T5677
K023140.000,T5678
K023143.000,T5682
K023147.000,T5686
K023148.000,T5688
K023149.000,T5693
K023150.000,T5694
K023156.000,T5700
K023160.000,T5707
K023163.000,T5710
K023165.000,T5712
K023171.000,T5720
K023175.000,T5725
K023176.000,T5726
K023186.000,T5738
K023189.000,T5742
K023191.000,T5745
K023192.000,T5748
K023195.000,T5754
K023197.000,T5756
K023198.000,T5757
K023201.000,T5762
K023202.000,T5763
K023226.000,T5788
K023227.000,T5789
K023234.000,T5799
K023236.000,T5801
K023237.000,T5802
K023238.000,T5803
K023249.000,T5825
K023259.000,T5837
K023262.000,T5844
K023264.000,T5848
K023267.000,T5851
K023272.000,T5856
K023274.000,T5859
K023275.000,T5860
K023278.000,T5866
K023287.000,T5881
K023293.000,T5890
K023299.000,T5899
K023394.000,T6174
K023421.000,T6253
K023456.001,T6290
K023456.002,T6290
K023486.000,T6332
K023578.000,T6428
K023579.000,T6430
K023584.000,T6435
K023749.000,T6727
K023755.000,T6734
K023942.000,T7614
K023997.000,T8242
K024112.000,T8397
K024142.000,T8434
K024153.000,T8449
K024207.000,T8577
K024307.000,T9005
K024330.000,T9039
K024381.000,T9105
K024432.000,T9192
K024489.000,T9290
K024661.000,T9585
K024662.000,T9586
K024720.000,T9689
K024732.000,T9714
K024736.000,T9718
K024779.000,T9992
K024818.001,T10038
K024818.002,T10038
K024870.000,T10157
K024906.000,T10219
K025272.000,T10730
K025325.000,T10796
K025327.000,T10798
K025519.000,T11231
K025532.001,T11253
K025532.002,T11253
K025607.000,T11385
K025649.000,T11438
K025723.000,T11613
K025748.000,T11644
K026235.000,T12445
K026247.000,T12462
K026311.000,T12618
K026709.000,T13245
K026892.000,T13691
K027127.000,T14004
K027143.000,T14025
K027268.000,T14186
K027367.000,T14323
K027505.000,T14538
K027591.000,T14670
K027621.001,T14704
K027621.002,T14704
K027631.000,T14714
K027657.000,T14743
K027659.000,T14745
K027660.001,T14747
K027660.002,T14747
K027670.001,T14758
K027670.002,T14758
K027670.003,T14758
K027697.001,T14790
K027697.002,T14790
K027714.000,T14810
K027775.000,T14895
K027776.000,T14896
K027796.001,T14927
K027844.000,T14992
K028072.000,T16485
K028419.000,T17110
K028494.000,T17200
K028664.000,T17549
K028766.000,T17775
K029293.000,T18518
K029296.000,T18521
K029305.000,T18530
K029412.000,T18650
K029542.000,T18894
K029554.000,T18913
K029564.000,T18934
K029625.000,T19043
K029653.000,T19078
K029698.000,T19820
K029715.000,T19844
K029722.000,T19858
K029768.000,T19924
K029769.000,T19925
K029857.000,T20118
K029946.000,T20324
K029984.000,T20385
K029992.000,T20406
K030050.000,T20496
K030147.000,T20759
K030155.000,T20767
K030158.000,T20770
K030162.000,T20774
K030166.000,T20779
K030365.000,T21151
K030406.000,T21215
K030407.000,T21216
K030424.000,T21236
K030458.000,T21282
K030481.000,T21314
K030489.000,T21324
K030547.000,T21419
K030565.001,T21449
K030565.002,T21449
K030629.000,T21565
K030677.000,T21796
K030714.000,T21863
K030743.000,T21904
K030889.000,T22178
K030916.000,T22214
K030979.000,T22306
K030987.000,T22316
K030992.000,T22325
K030995.000,T22329
K031002.000,T22338
K031003.000,T22341
K031010.000,T22351
K031107.000,T22490
K031144.000,T22566
K031187.000,T22744
K031188.000,T22745
K031233.000,T22825
K031299.000,T22929
K031892.000,T25992
K032080.003,T26350
K032080.004,T26350
K032080.005,T26350
K032282.000,T26829
K032302.000,T26852
K032304.000,T26854
K032305.000,T26855
K032308.000,T26858
K032311.000,T26862
K032313.000,T26864
K032314.000,T26865
K032319.000,T26870
K032320.000,T26871
K032321.000,T26872
K032322.000,T26874
K032330.000,T26882
K032335.000,T26889
K032341.000,T26895
K032473.000,T27111
K032610.000,T27316
K032686.000,T27412
K032774.000,T27507
K032959.000,T27908
K033177.000,T28325
K033182.000,T28330
K033495.000,T28894
K033556.000,T29008
K033670.000,T29224
K033708.000,T29271
K033714.000,T29278
K033787.000,T29429
K033792.000,T29445
K033853.000,T29583
K033911.000,T29686
K033915.000,T29691
K034200.000,T30410
K034257.000,T30491
K034336.000,T30628
K034431.000,T30776
K034449.000,T30807
K034471.000,T30840
K034809.000,T31323
K034904.000,T31454
K035015.000,T31626
K035076.000,T31743
K035180.000,T31916
K035226.000,T31976
K035269.000,T32045
K035335.000,T32142
K035367.000,T32192
K035393.000,T32235
K035398.000,T32241
K035508.000,T32397
K035521.000,T32415
K035585.000,T32518
K035592.000,T32526
K035594.000,T32529
K035616.001,T32597
K035616.002,T32597
K035616.003,T32597
K035639.000,T32633
K035642.000,T32640
K035681.000,T32706
K035701.000,T32731
K035739.000,T32780
K035752.000,T32801
K035773.000,T32839
K035795.000,T32875
K035828.000,T32923
K035829.000,T32924
K035830.000,T32925
K035831.000,T32926
K035832.000,T32928
K035834.000,T32931
K035835.000,T32933
K035868.000,T32970
K035870.000,T32973
K035871.000,T32975
K035872.000,T32976
K035873.000,T32977
K035879.000,T32986
K035921.000,T33050
K036062.000,T33340
K036148.000,T33469
K036168.003,T33490
K036183.000,T33505
K036193.000,T33517
K036206.000,T33535
K036286.000,T33651
K036296.000,T33668
K036380.000,T33873
K036444.000,T34003
K036466.000,T34046
K036542.000,T34201
K036550.000,T34210
K036554.000,T34218
K036558.000,T34229
K036643.000,T34377
K036679.000,T34439
K036683.000,T34448
K036704.000,T34490
K036706.000,T34498
K036735.000,T34538
K036746.000,T34551
K036801.000,T34655
K036824.000,T34690
K036834.000,T34702
K036921.000,T34841
K036934.000,T34858
K036942.000,T34870
K036971.000,T34920
K037020.000,T34998
K037046.000,T35033
K037129.000,T35155
K037184.000,T35251
K037200.000,T35272
K037211.000,T35288
K037240.000,T35353
K037293.000,T35427
K037297.000,T35431
K037302.000,T35438
K037372.000,T35551
K037398.000,T35600
K037413.000,T35621
K037447.000,T35678
K037448.000,T35679
K037476.000,T35726
K037587.000,T35941
K037647.000,T36030
K037656.000,T36051
K037672.000,T36072
K037679.000,T36080
K037709.000,T36154
K037725.000,T36173
K037803.000,T36329
K037818.000,T36357
K037835.000,T36383
K037858.000,T36422
K037864.000,T36432
K037936.000,T36557
K038022.000,T36693
K038048.000,T36737
K038204.000,T36987
K038285.000,T37135
K038307.000,T37172
K038348.000,T37247
K038439.000,T37396
K038447.000,T37407
K038456.000,T37422
K038460.000,T37426
K038487.000,T37463
K038489.000,T37472
K038498.000,T37490
K038561.000,T37612
K038609.000,T37731
K038677.000,T37847
K038693.000,T37875
K038710.000,T37899
K038746.000,T37952
K038748.000,T37954
K038763.000,T37975
K039073.000,T38436
K039111.000,T38490
K039143.000,T38523
K039201.000,T38599
K039224.000,T38638
K039235.000,T38657
K039236.000,T38658
K039296.000,T38771
K039324.000,T38807
K039355.000,T38853
K039360.000,T38859
K039366.000,T38866
K039382.000,T38887
K039408.000,T38920
K039425.000,T38951
K039429.000,T38961
K039442.000,T38978
K039474.000,T39044
K039488.000,T39062
K039720.000,T39457
K039747.000,T39487
K039801.000,T39559
K039838.000,T39611
K039855.000,T39642
K039863.000,T39655
K039927.000,T39738
K039979.000,T39827
K040019.000,T39882
K040168.000,T40185
K040172.000,T40194
K040190.000,T40233
K040233.000,T40324
K040240.000,T40337
K040357.000,T40531
K040424.000,T40663
K040440.000,T40695
K040490.000,T40757
K040521.000,T40804
K040547.000,T40856
K040557.000,T40872
K040564.000,T40890
K040623.000,T40984
K040638.000,T41007
K040676.000,T41107
K040713.000,T41160
K040720.000,T41172
K040756.000,T41234
K040829.000,T41367
K040857.000,T41406
K040908.000,T41507
K040910.000,T41509
K040928.000,T41553
K040929.000,T41555
K041028.000,T41729
K041060.000,T41781
K041151.000,T41927
K041165.000,T41948
K041171.000,T41956
K041173.000,T41961
K041177.000,T41970
K041179.000,T41972
K041189.000,T41991
K041192.000,T41994
K041196.000,T42000
K041203.000,T42012
K041283.000,T42117
K041295.000,T42129
K041358.000,T42248
K041371.001,T42262
K041371.002,T42262
K041393.000,T42300
K041482.000,T42452
K041500.000,T42497
K041503.000,T42504
K041528.000,T42557
K041537.000,T42571
K041548.001,T42585
K041548.002,T42585
K041548.003,T42585
K041548.004,T42585
K041548.005,T42585
K041548.006,T42585
K041555.000,T42593
K041581.000,T42626
K041590.000,T42636
K041597.000,T42644
K041684.001,T42742
K041684.002,T42742
K041691.000,T42751
K041717.000,T42786
K041831.000,T43087
K041852.000,T43118
K042020.000,T43462
K042178.000,T43737
K042183.000,T43742
K042231.000,T43821
K042270.000,T43878
K042319.000,T43972
K042385.000,T44064
K042411.000,T44101
K042546.000,T44301
K042666.000,T44447
K042690.000,T44499
K042710.000,T44546
K042716.000,T44554
K042848.000,T44797
K042939.000,T44943
K042986.000,T45086
K043015.000,T45136
K043021.000,T45161
K043079.000,T45260
K043092.000,T45281
K043154.000,T45397
K043155.000,T45398
K043166.000,T45411
K043175.000,T45420
K043181.000,T45426
K043182.000,T45427
K043186.000,T45433
K043195.000,T45445
K043199.000,T45450
K043204.000,T45456
K043527.000,T46011
K043587.000,T46118
K043640.000,T46205
K043689.000,T46273
K043780.000,T46417
K043812.000,T46478
K043839.000,T46518
K043848.000,T46532
K043880.000,T46573
K043952.000,T46678
K043977.000,T46712
K043996.000,T46739
K043997.000,T46740
K044025.000,T46778
K044031.000,T46789
K044072.000,T46846
K044098.000,T46885
K044143.000,T46976
K044267.000,T47162
K044268.000,T47165
K044271.000,T47169
K044278.000,T47176
K044298.000,T47205
K044434.000,T47416
K044470.000,T47465
K044519.000,T47533
K044551.000,T47580
K044643.000,T47695
K044692.000,T47748
K044879.000,T47972
K044883.000,T47979
K044903.000,T48008
K044906.000,T48013
K044918.000,T48035
K045058.000,T48277
K045163.000,T48439
K045211.000,T48537
K045218.000,T48555
K045265.000,T48642
K045300.000,T48729
K045301.000,T48731
K045312.001,T48748
K045312.002,T48748
K045342.000,T48796
K045351.000,T48811
K045363.000,T48828
K045376.000,T48845
K045394.000,T48864
K045417.000,T48890
K045423.000,T48897
K045428.000,T48902
K045429.000,T48903
K045433.000,T48908
K045439.000,T48914
K045459.000,T48948
K045798.000,T49443
K045837.000,T49500
K045920.000,T49633
K045928.000,T49644
K045995.000,T49771
K046052.000,T49863
K046060.000,T49884
K046073.000,T49903
K046076.000,T49906
K046085.000,T49920
K046152.000,T50019
K046182.000,T50078
K046226.000,T50176
K046227.000,T50177
K046245.000,T50203
K046275.000,T50241
K046304.000,T50285
K046334.000,T50334
K046340.000,T50342
K046486.000,T50704
K046497.000,T50718
K046500.000,T50721
K046542.000,T50796
K046563.000,T50834
K046614.000,T50903
K046628.000,T50920
K046707.000,T51118
K046809.000,T51439
K046839.000,T51487
K046841.000,T51491
K046880.000,T51546
K046899.000,T51580
K047002.000,T51741
K047007.000,T51747
K047175.000,T52020
K047209.000,T52074
K047211.000,T52080
K047221.000,T52092
K047225.000,T52097
K047269.000,T52152
K047355.000,T52313
K047375.000,T52354
K047382.000,T52363
K047394.000,T52415
K047433.000,T52489
K047435.000,T52491
K047462.000,T52575
K047491.000,T52618
K047496.000,T52634
K047546.000,T52723
K047676.000,T52924
K047685.000,T52933
K047686.000,T52934
K047694.000,T52943
K047748.000,T53006
K047797.000,T53058
K048041.000,T53403
K048101.000,T53475
K048123.000,T53497
K048128.000,T53502
K048130.000,T53504
K048133.000,T53507
K048137.000,T53511
K048139.000,T53513
K048186.000,T53617
K048216.000,T53650
K048218.000,T53652
K048220.000,T53654
K048221.000,T53655
K048222.000,T53656
K048229.000,T53663
K048291.000,T53732
K048292.000,T53733
K048293.000,T53734
K048296.000,T53737
K048297.000,T53738
K048303.000,T53744
K048355.000,T53823
K048676.000,T54251
K048730.000,T54314
K048829.000,T54523
K048831.000,T54527
K048852.000,T54550
K049006.000,T54922
K049013.000,T54929
K049027.000,T54947
K049181.000,T55125
K049204.000,T55155
K049221.001,T55179
K049221.002,T55179
K049285.000,T55291
K049304.001,T55310
K049304.002,T55310
K049357.001,T55366
K049357.002,T55366
K049439.000,T55489
K049441.000,T55491
K049442.000,T55493
K049443.000,T55494
K049446.000,T55497
K049447.000,T55499
K049452.000,T55504
K049483.000,T55545
K049485.000,T55547
K049569.000,T55643
K049641.000,T55737
K049942.000,T56247
K049986.000,T56428
K050109.000,T56629
K050110.000,T56630
K050119.000,T56640
K050122.000,T56643
K050218.000,T56758
K050262.000,T56856
K050263.000,T56857
K050264.000,T56858
K050267.000,T56864
K050268.000,T56866
K050270.000,T56868
K050273.000,T56872
K050274.000,T56874
K050275.000,T56875
K050278.000,T56879
K050279.000,T56881
K050281.000,T56883
K050282.000,T56884
K050284.000,T56887
K050287.000,T56892
K050288.000,T56893
K050289.000,T56894
K050290.000,T56895
K050292.000,T56899
K050314.000,T56930
K050343.000,T56969
K050351.000,T56977
K050360.000,T56992
K050364.000,T56997
K050367.000,T57000
K050370.000,T57003
K050373.000,T57007
K050375.000,T57009
K050405.000,T57070
K050477.000,T57192
K050540.000,T57324
K050551.001,T57335
K050551.002,T57335
K050567.001,T57352
K050567.002,T57352
K050567.003,T57352
K050688.000,T57520
K050786.000,T57685
K051001.000,T57982
K051003.000,T57984
K051011.000,T57992
K051036.000,T58019
K051111.000,T58099
K051255.000,T58326
K051638.001,T58992
K051638.002,T58992
K051638.003,T58992
K051638.004,T58992
K051638.005,T58992
K051638.006,T58992
K051638.007,T58992
K051639.008,T58993
K051641.000,T58996
K051765.000,T59166
K051776.000,T59183
K051781.000,T59192
K051932.000,T59377
K052074.000,T59549
K052119.000,T59600
K052215.000,T59716
K052227.001,T59731
K052227.002,T59731
K052227.003,T59731
K052227.004,T59731
K052227.005,T59731
K052227.006,T59731
K052531.001,T60252
K052994.001,T60863
K052994.004,T60863
K053061.001,T60939
K053061.002,T60939
K053219.000,T61174
K053241.000,T61211
K053268.000,T61242
K053357.000,T61379
K053409.000,T61464
K053415.001,T61470
K053415.002,T61470
K053453.000,T61511
K053723.000,T61846
K053900.000,T62060
K053903.001,T62063
K053903.004,T62063
K053904.002,T62064
K053906.000,T62066
K053907.001,T62068
K053907.002,T62068
K054254.000,T62574
K054260.000,T62583
K054264.000,T62588
K054680.002,T63190
K054680.003,T63190
K054688.000,T63198
K054766.000,T63309
K054851.000,T63407
K055107.000,T63743
K055509.000,T64334
K055580.000,T64438
K055619.001,T64481
K055619.002,T64481
K056001.000,T65013
K056026.000,T65046
K056081.000,T65130
K056135.000,T65212
K056178.001,T65262
K056178.002,T65262
K056299.000,T65459
K056324.001,T65487
K056324.002,T65487
K056360.000,T65526
K056661.000,T65913
K056668.000,T65921
K056672.000,T65928
K056674.000,T65933
K056676.000,T65935
K056679.000,T65939
K056681.000,T65941
K056694.000,T65958
K056709.000,T65975
K056731.000,T65998
K056734.000,T66001
K056933.000,T66284
K056943.000,T66298
K056945.000,T66300
K057073.000,T66447
K057094.000,T66469
K057134.000,T66512
K057370.000,T66779
K057408.000,T66823
K057422.000,T66837
K057429.000,T66845
K057507.001,T66924
K057507.002,T66924
K057520.001,T66937
K057520.002,T66937
K057530.001,T66947
K057530.002,T66947
K057530.003,T66947
K057530.004,T66947
K057530.005,T66947
K057530.006,T66947
K057664.000,T67126
K057665.001,T67127
K057665.002,T67127
K057720.000,T67189
K057721.000,T67190
K057724.000,T67193
K057725.000,T67195
K057726.000,T67196
K057952.000,T67572
K058052.000,T67699
K058226.000,T67996
K058227.000,T67997
K058248.000,T68023
K058249.000,T68024
K058255.000,T68030
K058371.000,T68179
K058373.000,T68184
K058376.000,T68187
K058426.000,T68295
K058430.000,T68299
K058457.000,T68343
K058583.001,T68578
K058583.002,T68578
K058702.001,T68722
K058702.002,T68722
K058747.000,T68772
K058784.000,T68812
K058785.000,T68813
K058805.000,T68833
K058856.000,T68887
K058981.000,T69031
K058986.000,T69038
K059055.000,T69163
K059103.000,T69297
K059161.000,T69379
K059163.000,T69381
K059165.000,T69383
K059169.000,T69388
K059195.000,T69418
K059276.000,T69544
K059277.000,T69545
K059314.000,T69589
K059320.000,T69598
K059379.000,T69669
K059406.000,T69697
K059407.000,T69698
K059409.000,T69700
K059526.000,T69913
K059580.001,T70026
K059580.002,T70026
K059636.000,T70119
K059793.000,T70314
K059801.000,T70330
K059804.000,T70334
K059805.000,T70335
K059809.000,T70340
K059833.000,T70373
K059867.001,T70420
K059867.002,T70420
K059867.003,T70420
K059867.004,T70420
K059868.000,T70421
K059933.001,T70504
K059933.002,T70504
K059970.000,T70627
K060044.001,T70718
K060044.002,T70718
K060044.003,T70718
K060117.000,T70816
K060121.000,T70822
K060122.000,T70823
K060124.000,T70826
K060142.001,T70851
K060142.002,T70851
K060142.003,T70851
K060142.004,T70851
K060328.000,T71092
K060329.000,T71093
K060422.000,T71256
K060458.001,T71307
K060458.002,T71307
K060458.003,T71307
K060545.002,T71398
K060679.000,T71570
K060836.000,T71763
K060857.000,T71789
K060858.000,T71790
K060946.001,T71886
K060946.002,T71886
K060958.001,T71899
K060958.002,T71899
K060978.000,T71923
K060980.000,T71926
K060981.000,T71927
K060982.000,T71928
K060984.000,T71930
K060985.000,T71931
K060989.000,T71936
K060991.000,T71938
K060993.001,T71940
K060994.002,T71941
K061006.000,T71957
K061017.000,T71969
K061081.000,T72045
K061103.000,T72067
K061112.000,T72077
K061113.000,T72078
K061116.000,T72081
K061206.001,T72179
K061206.002,T72179
K061209.001,T72182
K061209.002,T72182
K061274.000,T72258
K061280.000,T72264
K061403.000,T72417
K061659.000,T72829
K061730.000,T73010
K061830.000,T73130
K062069.000,T73480
K062088.001,T73501
K062088.002,T73501
K062088.003,T73501
K062088.004,T73501
K062108.001,T73522
K062108.002,T73522
K062108.003,T73522
K062151.000,T73566
K062201.000,T73624
K062219.000,T73643
K062220.000,T73644
K062221.000,T73645
K062330.000,T73797
K062331.000,T73798
K062334.000,T73803
K062582.000,T74230
K062748.001,T74465
K062748.002,T74465
K062748.003,T74465
K062800.000,T74528
K062802.000,T74530
K062837.000,T74576
K062844.000,T74583
K062861.000,T74605
K062887.000,T74642
K062939.000,T74897
K062945.000,T74903
K062946.000,T74904
K063010.000,T75001
K063037.000,T75033
K063038.000,T75034
K063039.000,T75035
K063043.000,T75040
K063086.000,T75092
K063128.000,T75139
K063195.000,T75219
K063225.000,T75303
K063254.000,T75334
K063270.000,T75350
K063274.000,T75355
K063333.000,T75422
K063343.000,T75434
K063754.000,T76167
K063758.000,T76174
K063778.000,T76203
K063883.001,T76337
K064046.000,T76763
K064085.000,T76810
K064499.001,T77431
K064499.002,T77431
K064501.000,T77434
K064569.000,T77543
K064571.000,T77545
K064572.000,T77546
K064573.000,T77547
K064574.000,T77548
K064631.002,T77691
K064720.000,T77871
K064728.000,T77884
K064763.000,T77983
K064766.000,T77986
K064769.000,T77989
K064770.000,T77990
K064798.000,T78021
K064831.002,T78058
K065082.001,T78366
K065082.002,T78366
K065082.003,T78366
K065082.004,T78366
K065082.005,T78366
K065082.006,T78366
K065341.000,T78855
K065474.000,T79031
K065604.000,T79309
K065605.000,T79310
K065650.000,T79362
K065850.000,T79684
K065853.000,T79690
K065858.001,T79696
K066039.000,T80012
K066227.000,T80551
K066398.000,T80840
K066400.000,T80842
K066457.000,T80958
K066527.000,T81100
K066529.000,T81102
K066531.000,T81104
K066533.000,T81106
K066629.001,T81227
K066629.002,T81227
K066646.001,T81254
K066646.002,T81254
K066800.000,T81509
K066805.000,T81514
K066811.000,T81521
K066841.000,T81552
K067073.000,T81987
K067205.000,T82160
K067329.000,T82397
K067383.001,T82467
K067383.002,T82467
K067477.000,T82608
K067567.000,T82722
K067641.001,T82891
K067641.002,T82891
K067641.003,T82891
K067641.004,T82891
K067641.005,T82891
K067975.000,T83386
K068010.000,T83424
K068107.000,T83535
K068147.000,T83577
K068154.001,T83587
K068154.002,T83587
K068251.000,T83707
K068278.000,T83743
K068460.000,T83949
K068536.000,T84034
K068719.000,T84272
K068720.000,T84273
K069107.000,T84741
K069226.000,T84913
K069565.000,T85345
K069755.000,T85573
K069822.000,T85664
K069951.000,T85824
K069952.000,T85825
K069955.001,T85828
K069955.002,T85828
K069955.003,T85828
K069956.001,T85829
K069956.002,T85829
K069956.003,T85829
K069956.005,T85829
K069966.000,T85839
K070022.001,T85928
K070022.002,T85928
K070174.000,T86133
K070362.001,T86362
K070362.002,T86362
K070549.000,T86648
K070577.000,T86683
K070844.001,T87008
K070844.002,T87008
K071066.001,T87422
K071066.002,T87422
K071418.000,T87884
K071693.000,T88236
K071701.000,T88244
K071702.000,T88245
K071903.000,T88489
K072003.000,T88607
K072107.001,T88734
K072107.002,T88734
K072107.003,T88734
K072424.000,T89182
K072426.000,T89184
K072460.001,T89228
K072460.002,T89228
K072460.003,T89228
K072460.004,T89228
K072686.000,T89526
K072976.000,T89867
K073090.000,T90012
K073091.000,T90013
K073164.000,T90094
K073171.000,T90106
K073280.000,T90234
K073281.000,T90235
K073282.000,T90236
K073392.000,T90413
K073454.000,T90495
K073475.000,T90534
K073488.000,T90551
K073507.000,T90574
K073560.000,T90654
K073750.000,T90893
K073751.000,T90894
K073795.001,T90948
K073795.002,T90948
K074107.001,T91336
K074107.002,T91336
K074116.000,T91345
K074174.000,T91434
K074274.000,T91569
K074278.001,T91573
K074278.002,T91573
K074568.000,T92160
K074629.000,T92236
K074630.000,T92237
K074632.000,T92239
K074674.000,T92308
K074843.000,T92533
K075014.000,T92782
K075282.000,T93222
K075318.000,T93261
K075478.000,T93463
K075481.000,T93466
K075501.001,T93486
K075606.001,T93622
K075606.002,T93622
K075606.003,T93622
K075625.000,T93645
K075827.000,T93900
K075884.000,T93972
K075940.000,T94038
K075995.000,T94101
K076130.000,T94267
K076314.000,T94539
K076603.000,T95112
K076702.001,T95226
K076723.000,T95251
K077073.000,T95674
K077183.000,T95824
K077446.000,T96176
K077599.002,T96368
K077612.000,T96382
K077663.000,T96443
K077667.000,T96447
K077786.000,T96588
K077848.001,T96668
K077848.002,T96668
K077850.000,T96670
K077856.000,T96678
K077957.000,T96816
K078024.001,T96891
K078024.002,T96891
K078024.003,T96891
K078024.004,T96891
K078024.005,T96891
K078024.006,T96891
K078024.007,T96891
K078024.008,T96891
K078024.009,T96891
K078024.010,T96891
K078029.000,T96896
K078097.001,T96995
K078097.002,T96995
K078097.003,T96995
K078489.001,T97491
K078489.002,T97491
K078562.000,T97589
K078874.000,T98023
K079450.000,T98752
K079495.000,T98814
K079570.000,T98906
K079595.001,T98935
K079595.002,T98935
K079595.003,T98935
K079637.001,T98991
K079637.002,T98991
K079640.000,T98996
K079641.001,T98998
K079641.002,T98998
K079645.000,T99002
K079648.000,T99006
K079654.000,T99014
K080049.000,T99501
K080051.000,T99504
K080053.001,T99506
K080053.002,T99506
K080105.000,T99564
K080111.000,T99570
K080316.000,T99798
K080421.001,T99923
K080421.002,T99923
K080453.000,T99966
K080455.000,T99968
K080492.000,T100015
K080517.000,T100048
K080528.000,T100060
K080662.001,T100223
K080662.002,T100223
K080662.003,T100223
K080662.004,T100223
K080662.005,T100223
K080847.000,T100458
K080858.000,T100471
K080865.000,T100478
K081022.000,T100668
K081121.000,T100785
K081252.000,T100959
K081295.000,T101011
K081319.000,T101049
K081759.000,T101624
K081989.001,T101901
K081989.002,T101901
K082105.000,T102037
K082106.000,T102038
K082269.001,T102228
K082269.002,T102228
K082269.003,T102228
K082269.004,T102228
K082269.005,T102228
K082366.000,T102347
K082699.000,T102841
K082740.000,T102891
K082984.000,T103179
K083612.000,T103927
K083848.000,T104237
K084084.000,T104512
K084724.000,T105408
K084859.000,T105612
K084861.001,T105614
K084861.002,T105614
K084956.000,T105741
K085532.000,T106497
K085711.000,T106756
K085765.000,T106816
K085823.000,T106886
K085913.000,T107003
K085919.000,T107011
K085950.000,T107045
K085957.000,T107054
K085958.001,T107055
K085958.002,T107055
K085958.003,T107055
K085977.000,T107078
K085978.000,T107079
K086024.000,T107132
K086061.000,T107178
K086062.000,T107179
K086169.000,T107337
K086231.000,T107409
K086263.000,T107448
K086276.000,T107461
K086495.000,T107739
K086593.000,T107850
K086686.000,T107966
K086734.000,T108042
K086741.000,T108054
K086750.000,T108063
K087079.000,T108506
K087416.000,T108889
K087514.000,T108995
K087560.000,T109049
K087688.000,T109208
K087716.000,T109238
K087969.000,T109550
K088018.000,T109605
K088170.000,T109852
K088215.000,T109901
K088587.000,T110358
K088713.000,T110499
K088722.000,T110518
K088831.000,T110655
K088839.000,T110665
K089167.000,T111046
K089227.000,T111145
K089235.000,T111156
K089369.003,T111391
K089369.004,T111391
K089370.001,T111393
K089396.000,T111486
K089537.000,T111674
K089849.001,T112211
K089849.002,T112211
K089860.000,T112223
K089925.000,T112299
K090103.000,T112505
K090722.000,T113281
K090734.000,T113295
K090843.000,T113417
K090920.000,T113529
K090929.000,T113541
K091116.001,T113816
K091116.002,T113816
K091116.003,T113816
K091144.000,T113850
K091154.001,T113864
K091154.002,T113864
K091165.000,T113878
K091186.001,T113901
K091366.000,T114144
K091409.000,T114194
K091416.000,T114203
K091485.000,T114283
K091660.000,T114509
K091678.001,T114528
K091818.000,T114702
K091832.000,T114720
K091879.000,T114792
K092066.000,T115019
K092165.001,T115132
K092165.002,T115132
K092215.000,T115185
K092252.001,T115224
K092252.002,T115224
K092252.003,T115224
K092252.004,T115224
K092301.000,T115293
K092353.001,T115348
K092353.002,T115348
K092629.000,T115721
K092747.000,T115852
K092784.001,T115891
K092784.002,T115891
K092784.003,T115891
K092785.004,T115892
K092786.005,T115893
K092786.006,T115893
K092821.000,T115937
K092930.000,T116074
K092950.000,T116097
K093052.000,T116214
K093079.001,T116245
K093079.002,T116245
K093079.003,T116245
K093079.004,T116245
K093080.001,T116246
K093080.002,T116246
K093080.003,T116246
K093080.004,T116246
K093080.005,T116246
K093080.006,T116246
K093174.001,T116357
K093174.002,T116357
K093174.003,T116357
K093174.004,T116357
K093174.005,T116357
K093174.006,T116357
K093280.000,T116476
K093442.000,T116663
K093508.000,T116748
K093533.000,T116781
K093603.000,T116874
K093655.001,T116936
K093655.002,T116936
K093660.001,T116942
K093660.002,T116942
K093660.003,T116942
K093660.004,T116942
K093660.005,T116942
K093663.000,T116945
K093930.000,T117249
K093988.001,T117316
K093988.002,T117316
K094029.000,T117360
K094098.000,T117437
K094198.000,T117553
K094200.000,T117557
K094305.001,T117671
K094305.002,T117671
K094528.000,T117937
K094645.000,T118085
K094698.000,T118164
K094754.000,T118227
K094902.001,T118393
K094902.002,T118393
K094982.000,T118485
K095003.000,T118509
K095032.000,T118564
K095488.000,T119135
K095553.000,T119241
K095737.000,T119488
K095991.000,T119854
K096120.001,T120079
K096120.002,T120079
K096120.003,T120079
K096120.004,T120079
K096120.005,T120079
K096120.006,T120079
K096120.007,T120079
K096120.008,T120079
K096120.009,T120079
K096120.010,T120079
K096120.011,T120079
K096120.012,T120079
K096120.013,T120079
K096120.014,T120079
K096120.015,T120079
K096120.016,T120079
K096120.017,T120079
K096120.018,T120079
K096120.019,T120079
K096120.020,T120079
K096479.000,T120574
K096840.000,T121065
K096960.000,T121207
K097055.000,T121325
K097310.001,T121678
K097310.002,T121678
K097310.003,T121678
K097310.004,T121678
K097310.008,T121678
K097310.009,T121678
K097486.000,T121873
K097489.000,T121876
K097557.000,T121952
K097708.000,T122154
K097986.000,T122526
K097994.000,T122535
K098362.000,T123117
K098413.000,T123187
K098680.000,T123564
K098900.001,T123917
K098900.002,T123917
K098900.003,T123917
K098900.004,T123917
K098900.005,T123917
K098942.000,T123974
K099013.002,T124076
K099198.000,T124311
K099251.000,T124405
K099270.001,T124428
K099270.002,T124428
K099277.001,T124435
K099277.002,T124435
K099329.000,T124524
K099385.000,T124613
K099398.000,T124631
K099473.000,T124715
K099474.000,T124716
K099481.000,T124723
K099545.000,T124808
K099598.000,T124869
K099659.001,T124933
K099659.002,T124933
K099681.000,T124958
K099722.000,T125001
K099729.000,T125008
K099834.000,T125135
K100170.000,T125553
K100292.000,T125708
K100402.000,T125844
K100410.000,T125859
K100537.000,T126016
K100539.000,T126018
K100550.000,T126029
K100666.000,T126164
K100784.000,T126376
K100796.000,T126392
K100817.000,T126418
K100834.000,T126441
K101007.000,T126671
K101052.000,T126752
K101059.000,T126759
K101190.000,T126973
K101477.000,T127415
K101579.002,T127555
K101585.000,T127561
K101613.000,T127593
K101642.000,T127633
K101652.000,T127644
K101669.001,T127663
K101669.002,T127663
K101776.000,T127827
K101844.000,T127919
K101911.000,T128012
K102171.000,T128379
K102172.000,T128380
K102279.000,T128520
K102286.000,T128528
K102297.000,T128542
K102448.001,T128775
K102448.002,T128775
K102523.001,T128905
K102523.002,T128905
K102562.000,T128955
K102875.000,T129359
K102914.000,T129409
K102974.000,T129479
K103123.001,T129718
K103123.002,T129718
K103238.000,T129879
K103240.000,T129881
K103261.000,T130067
K103528.001,T130421
K103528.002,T130421
K103528.003,T130421
K103528.004,T130421
K103915.001,T130916
K103915.002,T130916
K104099.001,T131163
K104099.002,T131163
K104099.003,T131163
K104099.004,T131163
K104099.005,T131163
K104099.006,T131163
K104108.000,T131173
K104119.000,T131186
K104420.000,T131590
K104598.000,T131818
K104624.000,T131855
K104887.000,T132188
K105084.000,T132461
K105119.000,T132536
K105233.001,T132693
K105233.002,T132693
K105233.003,T132693
K105365.000,T132889
K105471.000,T133048
K105560.000,T133175
K105564.000,T133179
K105745.000,T133411
K105746.000,T133412
K105759.000,T133426
K105792.000,T133469
K105913.000,T133666
K105973.001,T133752
K105973.002,T133752
K106011.000,T133796
K106025.000,T133814
K106115.000,T133946
K106443.000,T134345
K106472.002,T134381
K106504.000,T134448
K106754.001,T134770
K106754.002,T134770
K106754.003,T134770
K106754.004,T134770
K107084.000,T135352
K107134.000,T135406
K107291.000,T135610
K107298.000,T135617
K107303.000,T135640
K107395.000,T135780
K107398.001,T135783
K107398.002,T135783
K107399.000,T135784
K107483.001,T135939
K107483.002,T135939
K107624.000,T136130
K107740.000,T136306
K107811.001,T136411
K107811.002,T136411
K107868.000,T136478
K108052.000,T136769
K108056.000,T136780
K108263.000,T137093
K108264.000,T137094
K108266.000,T137098
K108268.000,T137100
K108269.000,T137101
K108270.000,T137103
K108272.000,T137105
K108273.000,T137106
K108513.000,T137471
K108982.000,T138146
K108983.001,T138147
K108983.002,T138147
K108983.003,T138147
K108995.001,T138159
K108995.002,T138159
K108995.003,T138159
K108995.004,T138159
K108995.005,T138159
K108999.000,T138164
K109003.000,T138168
K109045.000,T138216
K109092.001,T138274
K109092.002,T138274
K109093.003,T138277
K109093.004,T138277
K109095.001,T138281
K109095.002,T138281
K109292.001,T138546
K109292.002,T138546
K109300.000,T138554
K109521.000,T138835
K109708.003,T139076
K109756.001,T139140
K109756.002,T139140
K109756.003,T139140
K109756.004,T139140
K109819.000,T139227
K109848.000,T139270
K109981.000,T139486
K110146.000,T139692
K110147.000,T139693
K110238.001,T139809
K110238.002,T139809
K110238.003,T139809
K110238.004,T139809
K110238.005,T139809
K110238.006,T139809
K110238.007,T139809
K110265.000,T139860
K110269.000,T139864
K110277.000,T139872
K110284.001,T139879
K110284.002,T139879
K110382.000,T140006
K110388.000,T140030
K110414.001,T140064
K110414.002,T140064
K110414.003,T140064
K110414.004,T140064
K110495.000,T140201
K110735.000,T140591
K111040.001,T141022
K111040.002,T141022
K111040.003,T141022
K111112.000,T141109
K111361.000,T141578
K111410.000,T142047
K111411.000,T142050
K111475.000,T142246
K111587.000,T142557
K111682.000,T142806
K111725.000,T142894
K111746.000,T142950
K111807.000,T143098
K111808.000,T143099
K111900.000,T143297
K112026.000,T143680
K112156.000,T143983
K112181.000,T144050
K112188.000,T144057
K112190.000,T144059
K112203.000,T144076
K112239.000,T144127
K112243.000,T144132
K112277.000,T144231
K112303.001,T144260
K112418.000,T144407
K112489.000,T144509
K112507.000,T144534
K112609.001,T144686
K112620.000,T144697
K112697.001,T144797
K112765.000,T144887
K112771.000,T144899
K112795.001,T144948
K112795.002,T144948
K112795.003,T144948
K113132.000,T145427
K113134.000,T145429
K113180.001,T145497
K113187.001,T145505
K113187.002,T145505
K113187.003,T145505
K113187.004,T145505
K113231.000,T145570
K113255.000,T145600
K113361.000,T145745
K113510.001,T145965
K113510.003,T145965
K113510.004,T145965
K113518.000,T145976
K113547.001,T146028
K113547.002,T146028
K113548.000,T146029
K113552.001,T146033
K113552.002,T146033
K113570.000,T146056
K113571.000,T146057
K113578.000,T146065
K113592.001,T146080
K113592.002,T146080
K113595.000,T146083
K113598.001,T146088
K113598.002,T146088
K113598.003,T146088
K113598.004,T146088
K113606.001,T146096
K113606.002,T146096
K113606.003,T146096
K113606.004,T146096
K113606.005,T146096
K113606.006,T146096
K113606.007,T146096
K113606.008,T146096
K113610.001,T146101
K113610.002,T146101
K113620.000,T146114
K113622.000,T146116
K113624.000,T146118
K113633.002,T146132
K113639.000,T146140
K113641.001,T146144
K113641.002,T146144
K113646.000,T146158
K113660.001,T146176
K113660.002,T146176
K113867.000,T146495
K113914.000,T146564
K113915.001,T146566
K113915.002,T146566
K113928.000,T146579
K113952.001,T146609
K113952.002,T146609
K113952.003,T146609
K113952.004,T146609
K113952.005,T146609
K113952.006,T146609
K113952.007,T146609
K113952.008,T146609
K113952.009,T146609
K113952.010,T146609
K113952.011,T146609
K113952.012,T146609
K114072.000,T146779
K114081.000,T146792
K114088.001,T146800
K114088.002,T146800
K114161.000,T146901
K114216.000,T146980
K114226.001,T146992
K114226.002,T146992
K114226.003,T146992
K114226.004,T146992
K114226.005,T146992
K114226.006,T146992
K114270.000,T147056
K114523.000,T147471
K114616.000,T147623
K114699.000,T147756
K114805.000,T147993
K114806.000,T147994
K114808.000,T147996
K114854.000,T148130
K114902.000,T148329
K114954.000,T148702
K114986.003,T148771
K114986.004,T148771
K115236.000,T149808
K115467.000,T150335
K116198.000,T153168
K116451.000,T154018
K116675.000,T154622
K116684.000,T154633
K116796.000,T154940
K116972.000,T155370
K117088.000,T155650
K117112.000,T155694
K117258.000,T160256
K117344.000,T160571
K117548.001,T161035
K117548.002,T161035
K117722.000,T161987
K117731.000,T162107
K117757.000,T162248
K117762.000,T162265
K118063.000,T163851
K118131.000,T164062
K118217.000,T164379
K118235.000,T164526
K118311.000,T164873
K118343.000,T164973
K118436.000,T165279
K118458.000,T165369
K118525.000,T165586
K118563.000,T165697
K118948.000,T167314
K119146.000,T168210
K119722.000,T171024
K119752.000,T171115
K119822.000,T171480
K119911.000,T172067
K120000.000,T172488
K120041.000,T172668
K120396.000,T174434
K120907.000,T176371
K120974.000,T176551
K120989.000,T176603
K120993.000,T176613
K121056.000,T176823
K121177.000,T177247
K121415.000,T177908
K121560.000,T178476
K121574.000,T178537
K121980.000,T179880
K122077.000,T180177
K122211.000,T180656
K122295.000,T180966
K122645.000,T182073
K122875.000,T182962
K122987.000,T183337
K122997.000,T183380
K123014.000,T183443
K123147.000,T183960
K123155.000,T183980
K123412.000,T184753
K123515.000,T185045
K123618.000,T185332
K123849.000,T186035
K124613.000,T188738
K124816.000,T189602
K124952.000,T190261
K125097.000,T190913
K125194.000,T191399
K125296.000,T191935
K125362.000,T192194
K125567.000,T192985
K125710.000,T193639
K125722.000,T193733
K125842.000,T194204
K125843.000,T194206
K125859.000,T194278
K125893.000,T194401
K126050.000,T195127
K126403.000,T196353
K127086.001,T200766
K127086.002,T200766
K127176.000,T201449
K127477.001,T204341
K127477.002,T204341
K127477.003,T204341
K127859.000,T208380
K127900.000,T208679
K128027.000,T209967
K128576.000,T211464
K128984.000,T212835
K129212.000,T213594
K130449.000,T219052
K130649.000,T220390
K130910.000,T222842
K131280.000,T223323
K131582.000,T224076
K131636.000,T224202
K131816.000,T224568
K131881.000,T224688
K131924.000,T224811
K132088.000,T225503
K132097.001,T225547
K132097.002,T225547
K132097.003,T225547
K132743.000,T230316
K132927.000,W2485
K133021.000,W3591
K133067.000,W4441
K133366.000,W8124
K133430.000,W8587
K133948.000,W20110
K134151.000,W20332
K134246.000,W20438
K134413.000,W20660
K134477.000,W20737
K135535.000,W30060
K135651.000,W31094
K135767.000,W31989
K135809.000,W32176
K135834.000,W32284
